<?xml version="1.0" encoding="UTF-8"?>
<!DOCTYPE module PUBLIC "-//Google Inc.//DTD Google Web Toolkit 2.7.0//EN"
  "http://gwtproject.org/doctype/2.7.0/gwt-module.dtd">
<module rename-to='project'>
  <!-- Inherit the core Web Toolkit stuff. -->
  <inherits name='com.google.gwt.user.User' />

  <!-- Other module inherits -->
  <inherits name='com.sencha.gxt.ui.GXT' />

  <!-- GXT Normalizing Stylesheet -->
  <stylesheet src="reset.css" />

  <!-- GXT Theme -->
  <inherits name="tld.domain.theme.custom.Theme" />

  <!-- Specify the app entry point class. -->
  <entry-point class='tld.domain.project.client.ProjectEntryPoint' />

  <!-- Specify the paths for translatable code -->
  <source path='client' />
  <source path='shared' />
  
  <!-- Logging options -->
  <!-- <set-property name="gwt.logging.logLevel" value="INFO"/> -->
  <!-- <set-property name="gwt.logging.enabled" value="TRUE"/> -->  
  <!-- <set-property name="gxt.logging.enabled" value="true" />  -->
  
</module>
